name,prefecture,city,address,latitude,longitude,indoor_type,target_ages,price_type,rainy_day_ok,has_parking,has_nursing_room,has_diaper_space,opening_hours,closed_days,official_url,google_map_url,image_url,description,tags,source_url
蜻蛉池公園,大阪府,岸和田市,大阪府岸和田市三ヶ山町大池尻185,34.4580,135.3830,outdoor,0-2,3-5,elementary,free,false,true,unknown,unknown,9:00〜17:00,月曜日,https://www.osaka-midori.jp/midori/tonboike/,https://maps.app.goo.gl/tonboike,,アスレチックと大型遊具が充実した府営公園。ローラー滑り台が人気。,無料,大型遊具,アスレチック,ローラー滑り台,屋外,岸和田,https://kids.rurubu.jp/article/146849/
彩都なないろ公園,大阪府,茨木市,大阪府茨木市彩都あさぎ7,34.8610,135.5350,outdoor,0-2,3-5,elementary,free,false,true,unknown,unknown,終日開放,なし,https://www.city.ibaraki.osaka.jp/,https://maps.app.goo.gl/saito7park,,大型複合遊具と広い芝生広場が人気。子ども連れに大人気の住宅地公園。,無料,大型遊具,屋外,幼児向け,茨木,https://osakapark.jp/osaka-koen-osusume-ranking/
大泉緑地,大阪府,堺市北区,大阪府堺市北区金田町3-2-1,34.5920,135.4910,outdoor,0-2,3-5,elementary,free,false,true,unknown,unknown,終日開放,なし,https://www.osaka-midori.jp/midori/oizumi/,https://maps.app.goo.gl/oizumimidori,,広大な敷地に大型アスレチックとローラー滑り台。BBQ場も隣接。,無料,大型遊具,アスレチック,屋外,BBQ,堺,https://www.osaka-midori.jp/midori/oizumi/
錦織公園,大阪府,富田林市,大阪府富田林市彼方1550,34.4920,135.6050,outdoor,3-5,elementary,free,false,true,unknown,unknown,9:00〜17:00,月曜日,https://www.osaka-midori.jp/midori/nishikori/,https://maps.app.goo.gl/nishikori,,里山の自然の中にあるアスレチックと大型遊具。春は桜が美しい。,無料,アスレチック,大型遊具,自然,屋外,富田林,https://www.osaka-midori.jp/midori/nishikori/
深北緑地,大阪府,大東市,大阪府大東市深野北1,34.7170,135.6350,outdoor,0-2,3-5,elementary,free,false,true,unknown,unknown,終日開放,なし,https://www.osaka-midori.jp/midori/fukaきた/,https://maps.app.goo.gl/fukaきtamidori,,広大な芝生と大型アスレチック遊具。のびのびと遊べる緑地公園。,無料,大型遊具,アスレチック,芝生,屋外,大東,https://osakapark.jp/osaka-koen-osusume-ranking/
泉南りんくう公園,大阪府,泉南市,大阪府泉南市りんくう南浜3-1,34.3900,135.2840,outdoor,3-5,elementary,free,false,true,unknown,unknown,終日開放,なし,https://rinku-park.com/,https://maps.app.goo.gl/sennantinku,,西日本最大級のアスレチック「HEARTTHROB」あり。高さ15.5mの大型施設。,無料,西日本最大級,アスレチック,大型遊具,屋外,泉南,https://kids.rurubu.jp/article/30792/
花園中央公園,大阪府,東大阪市,大阪府東大阪市松原南1-1-1,34.6880,135.6090,outdoor,0-2,3-5,elementary,free,false,true,unknown,unknown,終日開放,なし,https://www.city.higashiosaka.lg.jp/,https://maps.app.goo.gl/hanazono,,大型船型遊具が有名な公園。砂場や水遊び場もあり幼児に人気。,無料,大型遊具,砂場,屋外,東大阪,https://kids.rurubu.jp/article/146849/
万代池公園,大阪府,大阪市住吉区,大阪府大阪市住吉区万代1-1,34.6130,135.5090,outdoor,0-2,3-5,elementary,free,false,false,unknown,unknown,終日開放,なし,https://www.city.osaka.lg.jp/,https://maps.app.goo.gl/bandaiike,,住吉区の大型池を中心とした公園。遊具広場と走れる芝生広場がある。,無料,公園,遊具,屋外,住吉,https://iko-yo.net/
千里中央公園,大阪府,豊中市,大阪府豊中市新千里東町2-1,34.7960,135.4950,outdoor,0-2,3-5,elementary,free,false,false,unknown,unknown,終日開放,なし,https://www.city.toyonaka.osaka.jp/,https://maps.app.goo.gl/senripark,,全長80m以上の長大な滑り台がある市民公園。幼児から楽しめる。,無料,大型遊具,滑り台,屋外,豊中,https://www.walkerplus.com/article/171672/
SENNAN LONG PARK,大阪府,泉南市,大阪府泉南市りんくう南浜3,34.3910,135.2830,outdoor,0-2,3-5,elementary,free,false,true,unknown,unknown,終日開放,なし,https://sennan-longpark.com/,https://maps.app.goo.gl/sennanlongpark,,砂浜と芝生が広がる大型公園。大型遊具・BBQ・海景色が楽しめる。,無料,大型遊具,海,芝生,屋外,泉南,https://sennan-longpark.com/
大阪まいしまシーサイドパーク,大阪府,大阪市此花区,大阪府大阪市此花区夢洲北1-3,34.6740,135.3830,outdoor,0-2,3-5,elementary,free,false,true,unknown,unknown,終日開放,なし,https://www.maishima.com/,https://maps.app.goo.gl/maishima,,海沿いの大型公園。大型遊具と砂浜で家族連れに人気のスポット。,無料,大型遊具,海,砂浜,屋外,此花区,https://www.maishima.com/
石川河川公園（錦織地区）,大阪府,富田林市,大阪府富田林市廿山670,34.5020,135.6000,outdoor,0-2,3-5,elementary,free,false,true,unknown,unknown,終日開放,なし,https://www.osaka-midori.jp/midori/ishikawa/,https://maps.app.goo.gl/ishikawapark,,川沿いの広大な公園。大型複合遊具と水辺で遊べるスポット。,無料,大型遊具,川,自然,屋外,富田林,https://www.osaka-midori.jp/midori/ishikawa/
二色の浜公園,大阪府,貝塚市,大阪府貝塚市二色1-2,34.4560,135.3500,outdoor,0-2,3-5,elementary,free,false,true,unknown,unknown,終日開放,なし,https://www.city.kaizuka.lg.jp/,https://maps.app.goo.gl/nishikinohamapark,,海沿いにある公園。砂浜での遊びと大型遊具が人気。夏は海水浴もできる。,無料,大型遊具,砂浜,海,屋外,貝塚,https://iko-yo.net/
くまとりこどもの森公園,大阪府,泉南郡熊取町,大阪府泉南郡熊取町小垣内1-1,34.3920,135.3460,outdoor,0-2,3-5,elementary,free,false,true,unknown,unknown,9:00〜17:00,月曜日,https://www.town.kumatori.lg.jp/,https://maps.app.goo.gl/kumatori,,自然の中の大型アスレチック公園。ローラー滑り台も完備。,無料,アスレチック,ローラー滑り台,自然,屋外,熊取,https://iko-yo.net/
金剛山麓まつまさ（金剛登山口）,大阪府,南河内郡千早赤阪村,大阪府南河内郡千早赤阪村千早999,34.4260,135.6620,outdoor,3-5,elementary,free,false,true,unknown,unknown,終日開放,なし,https://www.city.chihayaakasaka.osaka.jp/,https://maps.app.goo.gl/kongoupark,,金剛山の自然の中で遊べるエリア。ハイキング前後の遊び場としても人気。,無料,自然,屋外,ハイキング,千早赤阪,https://iko-yo.net/
六甲山アスレチックパーク GREENIA,兵庫県,神戸市灘区,兵庫県神戸市灘区六甲山町五介山1877-9,34.7720,135.2250,outdoor,elementary,paid,false,true,unknown,unknown,9:30〜17:00,火曜日,https://www.rokkosan.com/greenia/,https://maps.app.goo.gl/greenia,,日本最大級のアスレチックパーク。陸・水上・空中・森のコースがある。,アスレチック,大型,屋外,六甲山,小学生向け,https://www.rokkosan.com/greenia/
ひまわりの丘公園,兵庫県,西脇市,兵庫県西脇市上比延町字尾市358-1,34.9910,134.9760,outdoor,0-2,3-5,elementary,free,false,true,unknown,unknown,終日開放,なし,https://www.city.nishiwaki.lg.jp/,https://maps.app.goo.gl/himawari,,ひまわり畑と大型遊具が揃う公園。夏のひまわり祭りも有名。,無料,大型遊具,屋外,花,西脇,https://kids.rurubu.jp/article/146849/
赤穂海浜公園,兵庫県,赤穂市,兵庫県赤穂市御崎1,34.7530,134.3750,outdoor,0-2,3-5,elementary,free,false,true,unknown,unknown,終日開放,なし,https://www.ako-kaihin.com/,https://maps.app.goo.gl/akokaihinkoen,,海沿いの大型公園。大型遊具・アスレチック・プールが揃う。,無料,大型遊具,アスレチック,海,屋外,赤穂,https://kids.rurubu.jp/article/146849/
兵庫県立播磨中央公園,兵庫県,加東市,兵庫県加東市黒谷1371,34.9200,134.9700,outdoor,0-2,3-5,elementary,free,false,true,unknown,unknown,終日開放,月曜日,https://www.harima-chuo.jp/,https://maps.app.goo.gl/harimachuo,,県内最大級181haの大型公園。アスレチックや大型遊具が充実。,無料,県最大,大型遊具,アスレチック,屋外,加東,https://www.harima-chuo.jp/
しあわせの村（アスレチック）,兵庫県,神戸市北区,兵庫県神戸市北区しあわせの村1-1,34.7720,135.1090,outdoor,3-5,elementary,paid,false,true,unknown,unknown,9:00〜17:00,月曜日,https://www.shiawasenomura.org/,https://maps.app.goo.gl/shiawasenomura,,空中アスレチックや自然体験が揃う複合施設。家族で1日楽しめる。,アスレチック,屋外,体験,神戸北区,https://www.shiawasenomura.org/
多可町余暇村公園,兵庫県,多可郡多可町,兵庫県多可郡多可町中区鍛冶屋899,34.9830,134.9260,outdoor,3-5,elementary,free,false,true,unknown,unknown,終日開放,月曜日,https://www.town.taka.lg.jp/,https://maps.app.goo.gl/takapark,,全長180mのローラー滑り台が人気。山の自然の中のアスレチック公園。,無料,ローラー滑り台,アスレチック,自然,屋外,多可,https://www.walkerplus.com/article/171672/
夢の森公園（小野市）,兵庫県,小野市,兵庫県小野市万勝寺町500,34.8520,134.9280,outdoor,0-2,3-5,elementary,free,false,true,unknown,unknown,終日開放,月曜日,https://www.city.ono.hyogo.jp/,https://maps.app.goo.gl/yumenomori,,大型複合遊具と広い芝生広場がある公園。幼児から楽しめる。,無料,大型遊具,芝生,屋外,小野,https://www.walkerplus.com/article/171672/
丸山総合公園（加西市）,兵庫県,加西市,兵庫県加西市北条町東高室895,34.9340,134.8410,outdoor,0-2,3-5,elementary,free,false,true,unknown,unknown,終日開放,なし,https://www.city.kasai.hyogo.jp/,https://maps.app.goo.gl/maruyamapark,,大型アスレチック遊具と芝生広場。周辺に観光スポットも多い公園。,無料,大型遊具,アスレチック,屋外,加西,https://www.walkerplus.com/article/171672/
笹ヶ丘公園（佐用町）,兵庫県,佐用郡佐用町,兵庫県佐用郡佐用町口佐用1000,35.0000,134.3660,outdoor,3-5,elementary,free,false,true,unknown,unknown,終日開放,なし,https://www.town.sayo.lg.jp/,https://maps.app.goo.gl/sasagaoka,,長大な滑り台がある山間の公園。自然の地形を活かしたアスレチック。,無料,大型遊具,滑り台,自然,屋外,佐用,https://www.walkerplus.com/article/171672/
フォレストアドベンチャー・丹波ささやま,兵庫県,丹波篠山市,兵庫県丹波篠山市東吹703-1,35.0480,135.2150,outdoor,elementary,paid,false,true,unknown,unknown,9:00〜17:00,火曜日,https://fa-tanbasasayama.com/,https://maps.app.goo.gl/fasasayama,,樹上のジップラインと空中アスレチックが体験できる本格施設。,アスレチック,ジップライン,屋外,自然,丹波篠山,https://fa-tanbasasayama.com/
神崎農村公園ヨーデルの森,兵庫県,神崎郡神河町,兵庫県神崎郡神河町猪篠1008,35.0590,134.7680,outdoor,0-2,3-5,elementary,paid,false,true,unknown,unknown,10:00〜17:00,火曜日,https://www.yodel-mori.com/,https://maps.app.goo.gl/yodelmori,,動物とふれあいながら遊べる農村公園。大型アスレチックも充実。,アスレチック,動物,触れ合い,屋外,神河,https://www.yodel-mori.com/
兵庫県立淡路島公園（ニジゲンノモリ）,兵庫県,淡路市,兵庫県淡路市楠本2425-2,34.4480,134.8600,both,3-5,elementary,paid,false,true,unknown,unknown,10:00〜18:00,火曜日,https://nijigennomori.com/,https://maps.app.goo.gl/nijigennomori,,アニメや自然体験が楽しめるテーマパーク。大型アスレチックも人気。,アスレチック,テーマパーク,屋外屋内,淡路島,https://nijigennomori.com/
姫路市立手柄山中央公園,兵庫県,姫路市,兵庫県姫路市手柄1,34.8140,134.6800,outdoor,0-2,3-5,elementary,free,false,true,unknown,unknown,終日開放,なし,https://www.city.himeji.lg.jp/,https://maps.app.goo.gl/tegarayamapark,,広大な市営公園。遊具広場・植物園・陸上競技場が隣接。,無料,大型遊具,公園,屋外,姫路,https://iko-yo.net/
グリーンパーク山東（米原市）,滋賀県（参考）,米原市,滋賀県米原市春照239,35.3720,136.3510,outdoor,3-5,elementary,free,false,true,unknown,unknown,終日開放,月曜日,https://www.city.maibara.lg.jp/,https://maps.app.goo.gl/greenparksanto,,全長200mのローラー滑り台がある大型公園。自然の地形を活かした遊び場。,無料,ローラー滑り台,大型遊具,屋外,米原,https://www.walkerplus.com/article/171672/
LOGOS LAND（鴻ノ巣山運動公園）,京都府,八幡市,京都府八幡市内里内田12,34.8700,135.7010,outdoor,3-5,elementary,paid,false,true,unknown,unknown,10:00〜17:00,火曜日,https://logosland.net/,https://maps.app.goo.gl/logosland,,LOGOSが手がける大型アスレチックパーク。自然の中の本格的体験施設。,アスレチック,大型,屋外,八幡,https://kids.rurubu.jp/article/146849/
アクトパル宇治（宇治市総合野外活動センター）,京都府,宇治市,京都府宇治市白川阿弥陀寺17,34.8230,135.8420,outdoor,3-5,elementary,paid,false,true,unknown,unknown,9:00〜17:00,月曜日,https://www.actpal.co.jp/,https://maps.app.goo.gl/actpalujibounce,,フィールドアスレチックと野外体験が充実。スポーツもできる複合施設。,アスレチック,体験型,屋外,宇治,https://kids.rurubu.jp/article/146849/
けいはんな記念公園,京都府,相楽郡精華町,京都府相楽郡精華町精華台6-1,34.7640,135.7870,outdoor,0-2,3-5,elementary,low,false,true,unknown,unknown,9:00〜17:00,火曜日,https://www.keihanna-park.jp/,https://maps.app.goo.gl/keihanna,,水景园と遊具広場がある大型公園。科学研究所エリアに隣接。,大型公園,大型遊具,屋外,精華,https://www.keihanna-park.jp/
宝が池公園,京都府,京都市左京区,京都府京都市左京区上高野流田町8,35.0630,135.7830,outdoor,0-2,3-5,elementary,free,false,true,unknown,unknown,終日開放,なし,https://www.pref.kyoto.jp/midori/takaraike.html,https://maps.app.goo.gl/tarakaike,,池を中心に自然が広がる大型公園。「子どもの楽園」エリアに遊具が充実。,無料,大型遊具,自然,屋外,左京区,https://www.pref.kyoto.jp/midori/takaraike.html
HIYOSHI PLAY ARENA（道の駅 スプリングスひよし内）,京都府,南丹市,京都府南丹市日吉町保野田65-1,35.1380,135.5900,indoor,0-2,3-5,elementary,paid,true,true,unknown,unknown,10:00〜17:00,火曜日,https://www.springs-hiyoshi.co.jp/,https://maps.app.goo.gl/springshiyoshi,,日本最大級の室内エアアスレチック（25m×25m）。全天候型で雨でも安心。,雨の日OK,室内アスレチック,屋内,日本最大級,南丹,https://prtimes.jp/main/html/rd/p/000000081.000050120.html
京都府立山城総合運動公園（太陽が丘）,京都府,宇治市,京都府宇治市広野町八軒屋谷1,34.8580,135.8040,outdoor,0-2,3-5,elementary,free,false,true,unknown,unknown,終日開放,月曜日,https://www.pref.kyoto.jp/taiyo/,https://maps.app.goo.gl/taiyogaoka,,92haの大型運動公園。複合遊具・アスレチック・広場が充実。,無料,大型遊具,アスレチック,芝生,屋外,宇治,https://www.pref.kyoto.jp/taiyo/
梅小路公園,京都府,京都市下京区,京都府京都市下京区観喜寺町56-3,34.9878,135.7467,outdoor,0-2,3-5,elementary,free,false,true,unknown,unknown,終日開放,なし,https://www.kyoto-ga.jp/umekoji/,https://maps.app.goo.gl/umekojipark,,芝生広場と遊具広場がある。水族館・鉄道博物館に隣接で1日楽しめる。,無料,大型公園,大型遊具,屋外,梅小路,https://www.kyoto-ga.jp/umekoji/
三段池公園（福知山市）,京都府,福知山市,京都府福知山市猪崎大池2360,35.2960,135.1380,outdoor,0-2,3-5,elementary,free,false,true,unknown,unknown,9:00〜17:00,月曜日,https://www.city.fukuchiyama.lg.jp/,https://maps.app.goo.gl/sandanike,,府北部最大級の公園。動物園・プール・大型遊具が揃う複合公園。,無料,動物園,大型遊具,屋外,福知山,https://www.city.fukuchiyama.lg.jp/
岩倉具視幽棲旧宅前公園（岩倉公園）,京都府,京都市左京区,京都府京都市左京区岩倉上蔵町100,35.0770,135.7650,outdoor,0-2,3-5,free,false,false,unknown,unknown,終日開放,なし,https://www.city.kyoto.lg.jp/,https://maps.app.goo.gl/iwakurapark,,住宅地にある小型公園。幼児向けの遊具が揃い地元ファミリーに人気。,無料,遊具,幼児向け,屋外,左京区,https://iko-yo.net/
洛西竹林公園,京都府,京都市西京区,京都府京都市西京区大枝南福西町1-39,34.9720,135.6650,outdoor,0-2,3-5,elementary,free,false,true,unknown,unknown,9:00〜17:00,月曜日,https://www.pref.kyoto.jp/rakusai/,https://maps.app.goo.gl/rakusaichikurin,,竹林に囲まれた府立公園。遊具広場と竹体験ができる。,無料,自然,竹林,遊具,屋外,西京区,https://www.pref.kyoto.jp/rakusai/
清水公園（京都市伏見区）,京都府,京都市伏見区,京都府京都市伏見区深草越後屋敷町34,34.9380,135.7670,outdoor,0-2,3-5,free,false,false,unknown,unknown,終日開放,なし,https://www.city.kyoto.lg.jp/,https://maps.app.goo.gl/kyotofushimipark,,地域の遊び場。幼児向け遊具と砂場がある身近な公園。,無料,遊具,砂場,幼児向け,屋外,伏見,https://iko-yo.net/
平成榛原子供のもり公園,奈良県,宇陀市,奈良県宇陀市榛原萩原2070,34.5410,135.9280,outdoor,3-5,elementary,free,false,true,unknown,unknown,9:00〜17:00,月曜日,https://haibara-kodomonomorikoen.jp/,https://maps.app.goo.gl/haibara,,本格フィールドアスレチックと大型ローラー滑り台がある大型公園。,無料,アスレチック,ローラー滑り台,大型遊具,屋外,宇陀,https://kids.rurubu.jp/article/146849/
生駒山麓公園,奈良県,生駒市,奈良県生駒市俵口町800,34.6843,135.7020,outdoor,3-5,elementary,free,false,true,unknown,unknown,9:00〜17:00,月曜日,https://ikomapark.jp/sanroku/,https://maps.app.goo.gl/ikomasanroku,,フィールドアスレチックとローラー滑り台がある自然豊かな山麓公園。,無料,アスレチック,ローラー滑り台,自然,屋外,生駒,https://iko-yo.net/facilities/1883
葛城山麓公園,奈良県,葛城市,奈良県葛城市寺口860,34.4560,135.7140,outdoor,0-2,3-5,elementary,free,false,true,unknown,unknown,終日開放,なし,https://www.city.katsuragi.nara.jp/,https://maps.app.goo.gl/katsuragipark,,葛城山の麓にある公園。大型複合遊具と広い芝生が人気。,無料,大型遊具,芝生,自然,屋外,葛城,https://nara-canoco.com/special-playground-outside/
みつえ青少年旅行村,奈良県,宇陀郡御杖村,奈良県宇陀郡御杖村菅野1922,34.4730,136.0800,outdoor,3-5,elementary,paid,false,true,unknown,unknown,9:00〜17:00,火曜日,https://www.vill.mitsue.nara.jp/,https://maps.app.goo.gl/mitsuechillage,,全長130mの長大な滑り台がある山村の体験施設。キャンプも可能。,ローラー滑り台,アスレチック,キャンプ,自然,屋外,御杖,https://www.walkerplus.com/article/171672/
香久山公園（橿原市）,奈良県,橿原市,奈良県橿原市南浦町,34.4960,135.8190,outdoor,0-2,3-5,elementary,free,false,true,unknown,unknown,終日開放,なし,https://www.city.kashihara.nara.jp/,https://maps.app.goo.gl/kaguyamapark,,万葉の歴史が感じられる公園。大型複合遊具と砂場がある。,無料,大型遊具,砂場,屋外,橿原,https://www.nap-camp.com/mag/17772
大宇陀地区ふるさと公園,奈良県,宇陀市,奈良県宇陀市大宇陀区迫間224,34.5330,135.9200,outdoor,0-2,3-5,elementary,free,false,true,unknown,unknown,終日開放,なし,https://www.city.uda.nara.jp/,https://maps.app.goo.gl/oudapark,,宇陀川のほとりにある公園。大型遊具と桜並木が美しい。,無料,大型遊具,自然,川,屋外,宇陀,https://iko-yo.net/
都祁総合型スポーツクラブ公園（奈良市都祁地区）,奈良県,奈良市,奈良県奈良市都祁吐山町大野1,34.6300,135.9940,outdoor,3-5,elementary,free,false,true,unknown,unknown,終日開放,なし,https://www.city.nara.lg.jp/,https://maps.app.goo.gl/tokepark,,自然豊かな高原にある公園。子ども向けの遊具と広場がある。,無料,遊具,自然,高原,屋外,奈良市,https://iko-yo.net/
奈良県立馬見丘陵公園,奈良県,北葛城郡広陵町,奈良県北葛城郡広陵町大塚645,34.5680,135.7530,outdoor,0-2,3-5,elementary,free,false,true,unknown,unknown,終日開放,月曜日,https://www.pref.nara.jp/1649.htm,https://maps.app.goo.gl/mamiharukokoen,,チューリップで有名な丘陵公園。子ども広場に大型複合遊具がある。,無料,大型遊具,花,芝生,屋外,広陵,https://www.pref.nara.jp/1649.htm
亀山公園（奈良市）,奈良県,奈良市,奈良県奈良市高畑町,34.6700,135.8450,outdoor,0-2,3-5,elementary,free,false,false,unknown,unknown,終日開放,なし,https://www.city.nara.lg.jp/,https://maps.app.goo.gl/kameyamapark,,奈良市内にある公園。アスレチック要素の豊富な大型遊具がある。,無料,大型遊具,アスレチック,屋外,奈良市,https://iko-yo.net/
大津市比良げんき村,滋賀県,大津市,滋賀県大津市北比良1039,35.1310,135.9270,outdoor,3-5,elementary,paid,false,true,unknown,unknown,9:00〜17:00,月曜日,https://www.biwako-children.org/,https://maps.app.goo.gl/hiragen,,山の中の大型アスレチックと自然体験施設。本格的なコースが充実。,アスレチック,自然,体験,屋外,大津,https://kids.rurubu.jp/article/146849/
グリーンパーク山東,滋賀県,米原市,滋賀県米原市春照239,35.3720,136.3510,outdoor,3-5,elementary,free,false,true,unknown,unknown,終日開放,月曜日,https://www.city.maibara.lg.jp/,https://maps.app.goo.gl/gpshintou,,全長200mのローラー滑り台がある大型公園。滋賀北部の定番スポット。,無料,ローラー滑り台,大型遊具,屋外,米原,https://www.walkerplus.com/article/171672/
滋賀県立希望が丘文化公園,滋賀県,野洲市,滋賀県野洲市吉地2291,35.0980,136.0060,outdoor,3-5,elementary,free,false,true,unknown,unknown,終日開放,月曜日,https://kibogaoka.jp/,https://maps.app.goo.gl/kibogaokacup,,広大なスポーツ公園。アスレチックコースや球技場があり1日遊べる。,無料,アスレチック,大型遊具,スポーツ,屋外,野洲,https://kibogaoka.jp/
三重川河川公園（大津市）,滋賀県,大津市,滋賀県大津市三重6,34.9890,135.8900,outdoor,0-2,3-5,elementary,free,false,true,unknown,unknown,終日開放,なし,https://www.city.otsu.lg.jp/,https://maps.app.goo.gl/miekawa,,川沿いにある公園。子ども向け遊具と水辺の環境が魅力。,無料,遊具,川,自然,屋外,大津,https://iko-yo.net/
烏丸半島公園（草津市）,滋賀県,草津市,滋賀県草津市下物町1091-10,35.0220,135.9130,outdoor,0-2,3-5,elementary,free,false,true,unknown,unknown,終日開放,なし,https://www.city.kusatsu.shiga.jp/,https://maps.app.goo.gl/karasumahanto,,琵琶湖畔の公園。遊具と湖の景色が楽しめる家族向け公園。,無料,遊具,琵琶湖,屋外,草津,https://iko-yo.net/
守山市立なぎの木公園,滋賀県,守山市,滋賀県守山市古高町607,35.0640,135.9920,outdoor,0-2,3-5,elementary,free,false,true,unknown,unknown,終日開放,なし,https://www.city.moriyama.lg.jp/,https://maps.app.goo.gl/naginoki,,大型複合遊具がある市営公園。地元ファミリーに人気のスポット。,無料,大型遊具,屋外,守山,https://iko-yo.net/
甲良町さくら公園,滋賀県,犬上郡甲良町,滋賀県犬上郡甲良町在士290,35.2250,136.3080,outdoor,0-2,3-5,elementary,free,false,true,unknown,unknown,終日開放,なし,https://www.town.kora.shiga.jp/,https://maps.app.goo.gl/korasakura,,大型複合遊具と砂場がある地域の公園。春の桜が美しい。,無料,大型遊具,砂場,桜,屋外,甲良,https://iko-yo.net/
長浜城歴史博物館前公園,滋賀県,長浜市,滋賀県長浜市公園町10-10,35.3720,136.2680,outdoor,0-2,3-5,elementary,free,false,true,unknown,unknown,終日開放,なし,https://www.city.nagahama.lg.jp/,https://maps.app.goo.gl/nagahamapark,,琵琶湖畔の豊公園内にある遊具広場。長浜城と湖の景色が楽しめる。,無料,遊具,琵琶湖,歴史,屋外,長浜,https://iko-yo.net/
彦根市荒神山公園,滋賀県,彦根市,滋賀県彦根市清崎町1712,35.2700,136.2320,outdoor,3-5,elementary,free,false,true,unknown,unknown,終日開放,なし,https://www.city.hikone.shiga.jp/,https://maps.app.goo.gl/kojinyama,,山の上にある公園。アスレチックと展望台から琵琶湖が見える。,無料,アスレチック,展望,自然,屋外,彦根,https://iko-yo.net/
新庄総合公園（和歌山市）,和歌山県,和歌山市,和歌山県和歌山市新庄,34.2600,135.1940,outdoor,0-2,3-5,elementary,free,false,true,unknown,unknown,終日開放,なし,https://www.city.wakayama.lg.jp/,https://maps.app.goo.gl/shinjopark,,サッカー場11個分の広大な市営公園。大型遊具・アスレチック・プールが揃う。,無料,広大,大型遊具,アスレチック,プール,屋外,和歌山市,https://rokaru.jp/matome/139841/
さぎの森公園（和歌山市）,和歌山県,和歌山市,和歌山県和歌山市黒岩,34.2120,135.2010,outdoor,0-2,3-5,elementary,free,false,true,unknown,unknown,終日開放,なし,https://www.city.wakayama.lg.jp/,https://maps.app.goo.gl/saginomori,,大型複合遊具がある市営公園。地元ファミリーに人気のスポット。,無料,大型遊具,屋外,和歌山市,https://iko-yo.net/
紀三井寺公園（和歌山市）,和歌山県,和歌山市,和歌山県和歌山市毛見1338,34.1930,135.1690,outdoor,0-2,3-5,elementary,free,false,true,unknown,unknown,終日開放,なし,https://www.city.wakayama.lg.jp/,https://maps.app.goo.gl/kimiidera,,紀三井寺に隣接した公園。遊具と芝生広場があり市民の憩いの場。,無料,遊具,芝生,屋外,和歌山市,https://iko-yo.net/
高津子山公園（和歌山市）,和歌山県,和歌山市,和歌山県和歌山市加太,34.2640,135.0850,outdoor,3-5,elementary,free,false,true,unknown,unknown,終日開放,なし,https://www.city.wakayama.lg.jp/,https://maps.app.goo.gl/takatsuko,,山頂からの眺望が楽しめる公園。遊具と自然散策が楽しい。,無料,遊具,展望,自然,屋外,加太,https://iko-yo.net/
田辺市西山公園,和歌山県,田辺市,和歌山県田辺市上の山2-16,33.7360,135.3820,outdoor,0-2,3-5,elementary,free,false,true,unknown,unknown,終日開放,なし,https://www.city.tanabe.lg.jp/,https://maps.app.goo.gl/nishiyamapark,,田辺市内の公園。大型複合遊具があり幼児から小学生まで楽しめる。,無料,大型遊具,屋外,田辺,https://iko-yo.net/
有田川町ふれあい公園,和歌山県,有田郡有田川町,和歌山県有田郡有田川町下津野2122-1,34.0660,135.3160,outdoor,0-2,3-5,elementary,free,false,true,unknown,unknown,終日開放,なし,https://www.town.aridagawa.lg.jp/,https://maps.app.goo.gl/aridagawapark,,川沿いにある大型公園。大型複合遊具と水辺で遊べるスポット。,無料,大型遊具,川,屋外,有田川,https://iko-yo.net/
紀の川市つつじが丘公園,和歌山県,紀の川市,和歌山県紀の川市桃山町神田20,34.2570,135.4600,outdoor,0-2,3-5,elementary,free,false,true,unknown,unknown,終日開放,なし,https://www.city.kinokawa.lg.jp/,https://maps.app.goo.gl/tsutsujigaoka,,大型アスレチック遊具がある市営公園。春はつつじが美しい。,無料,大型遊具,アスレチック,花,屋外,紀の川,https://iko-yo.net/
橋本市あやの台公園,和歌山県,橋本市,和歌山県橋本市あやの台4-1,34.3160,135.5870,outdoor,0-2,3-5,elementary,free,false,true,unknown,unknown,終日開放,なし,https://www.city.hashimoto.wakayama.jp/,https://maps.app.goo.gl/ayanodai,,住宅地にある大型複合遊具がある公園。地元ファミリーに人気。,無料,大型遊具,屋外,橋本,https://iko-yo.net/
大泉緑地（堺市）再掲,大阪府,大阪市住吉区,大阪府堺市北区金田町3-2,34.5920,135.4910,outdoor,0-2,3-5,elementary,free,false,true,unknown,unknown,終日開放,なし,https://www.osaka-midori.jp/midori/oizumi/,https://maps.app.goo.gl/oizumikoen2,,広大な緑地。ローラー滑り台は全長約100m。BBQ場もあり1日楽しめる。,無料,大型遊具,ローラー滑り台,BBQ,屋外,堺,https://www.osaka-midori.jp/midori/oizumi/
泉大津市立田中公園,大阪府,泉大津市,大阪府泉大津市田中町10-6,34.5060,135.4210,outdoor,0-2,3-5,elementary,free,false,false,unknown,unknown,終日開放,なし,https://www.city.izumiotsu.lg.jp/,https://maps.app.goo.gl/tanakapark,,市内にある遊具公園。幼児向けの遊具と砂場が充実。,無料,遊具,砂場,幼児向け,屋外,泉大津,https://iko-yo.net/
羽曳野市立はびきの緑地,大阪府,羽曳野市,大阪府羽曳野市野々上5,34.5510,135.6090,outdoor,0-2,3-5,elementary,free,false,true,unknown,unknown,終日開放,なし,https://www.osaka-midori.jp/midori/habikino/,https://maps.app.goo.gl/habikinomidori,,広大な緑地。アスレチックと大型遊具が充実したファミリー向け公園。,無料,大型遊具,アスレチック,屋外,羽曳野,https://www.osaka-midori.jp/midori/habikino/
岸和田市立総合公園（岸和田市）,大阪府,岸和田市,大阪府岸和田市尾生町338,34.4730,135.4010,outdoor,0-2,3-5,elementary,free,false,true,unknown,unknown,終日開放,なし,https://www.city.kishiwada.osaka.jp/,https://maps.app.goo.gl/kishiwadakoen,,市内最大の総合公園。大型遊具・プール・運動施設が揃う。,無料,大型遊具,プール,スポーツ,屋外,岸和田,https://iko-yo.net/
交野市立いきいきランド交野,大阪府,交野市,大阪府交野市倉治1-1-1,34.7940,135.6790,outdoor,0-2,3-5,elementary,free,false,true,unknown,unknown,終日開放,月曜日,https://www.city.katano.osaka.jp/,https://maps.app.goo.gl/ikiikilando,,星の降る里・交野の大型公園。アスレチックと遊具が充実。,無料,大型遊具,アスレチック,屋外,交野,https://iko-yo.net/
富田林市農業公園（サバーファーム）,大阪府,富田林市,大阪府富田林市佐備2244,34.4540,135.6470,outdoor,0-2,3-5,elementary,paid,false,true,unknown,unknown,10:00〜17:00,火曜日,https://www.sabafarm.com/,https://maps.app.goo.gl/sabafarm,,農業体験と大型複合遊具。ふわふわドームや収穫体験が子どもに人気。,大型遊具,農業体験,屋外,富田林,https://www.sabafarm.com/
大阪狭山市立狭山池公園,大阪府,大阪狭山市,大阪府大阪狭山市池之原,34.5010,135.5560,outdoor,0-2,3-5,elementary,free,false,true,unknown,unknown,終日開放,なし,https://www.city.osakasayama.osaka.jp/,https://maps.app.goo.gl/sayamaike,,日本最古のダム式ため池を有する公園。子ども向け遊具エリアがある。,無料,大型公園,遊具,屋外,大阪狭山,https://iko-yo.net/
神戸市立西神中央公園,兵庫県,神戸市西区,兵庫県神戸市西区糀台5,34.6940,135.0070,outdoor,0-2,3-5,elementary,free,false,true,unknown,unknown,終日開放,なし,https://www.city.kobe.lg.jp/,https://maps.app.goo.gl/nishijinchuo,,大型複合遊具と芝生広場が広がる市営公園。西神エリアの定番。,無料,大型遊具,芝生,屋外,神戸西区,https://iko-yo.net/
西宮市甲山森林公園,兵庫県,西宮市,兵庫県西宮市甲山町67,34.7660,135.3210,outdoor,3-5,elementary,free,false,true,unknown,unknown,9:00〜17:00,月曜日,https://www.hyogo-park.or.jp/kabuto/,https://maps.app.goo.gl/kabutopark,,自然の中のアスレチック施設。フィールドアスレチックが楽しめる森の公園。,無料,アスレチック,自然,屋外,西宮,https://www.hyogo-park.or.jp/kabuto/
尼崎市中央公園,兵庫県,尼崎市,兵庫県尼崎市東七松町1-23-1,34.7300,135.4020,outdoor,0-2,3-5,elementary,free,false,false,unknown,unknown,終日開放,なし,https://www.city.amagasaki.hyogo.jp/,https://maps.app.goo.gl/amapark,,市内中心部にある大型公園。子ども向け遊具エリアが充実。,無料,大型遊具,屋外,尼崎,https://iko-yo.net/
宝塚市立長尾山緑地公園,兵庫県,宝塚市,兵庫県宝塚市長尾町11,34.8060,135.4090,outdoor,3-5,elementary,free,false,true,unknown,unknown,終日開放,なし,https://www.city.takarazuka.hyogo.jp/,https://maps.app.goo.gl/nagaoyamapark,,山の斜面を活かしたアスレチックと大型滑り台がある公園。,無料,アスレチック,滑り台,自然,屋外,宝塚,https://iko-yo.net/
三木市立自由の丘公園,兵庫県,三木市,兵庫県三木市志染町御坂1,34.8160,134.9950,outdoor,0-2,3-5,elementary,free,false,true,unknown,unknown,終日開放,月曜日,https://www.city.miki.lg.jp/,https://maps.app.goo.gl/jiyu-gaoka,,大型複合遊具と芝生が広がる市営公園。駐車場無料で家族連れに人気。,無料,大型遊具,芝生,屋外,三木,https://iko-yo.net/
加古川市立日岡山公園,兵庫県,加古川市,兵庫県加古川市加古川町大野1227,34.7660,134.8530,outdoor,0-2,3-5,elementary,free,false,true,unknown,unknown,終日開放,なし,https://www.city.kakogawa.lg.jp/,https://maps.app.goo.gl/hiokayama,,加古川を見渡す丘の上にある公園。大型遊具とアスレチックがある。,無料,大型遊具,アスレチック,屋外,加古川,https://iko-yo.net/
姫路市立城南公園,兵庫県,姫路市,兵庫県姫路市城南町,34.8110,134.6750,outdoor,0-2,3-5,elementary,free,false,false,unknown,unknown,終日開放,なし,https://www.city.himeji.lg.jp/,https://maps.app.goo.gl/himejijonan,,姫路城そばにある公園。大型遊具がある地元ファミリーの憩いの場。,無料,大型遊具,屋外,姫路,https://iko-yo.net/
京都市岡崎公園,京都府,京都市左京区,京都府京都市左京区岡崎最勝寺町13,35.0157,135.7836,outdoor,0-2,3-5,elementary,free,false,true,unknown,unknown,終日開放,なし,https://www.city.kyoto.lg.jp/,https://maps.app.goo.gl/okazakipark,,動物園・美術館に隣接した公園。広い芝生と遊具広場が人気。,無料,公園,遊具,芝生,屋外,岡崎,https://iko-yo.net/
大山崎町大山崎山荘公園,京都府,乙訓郡大山崎町,京都府乙訓郡大山崎町銭原1,34.8840,135.6840,outdoor,0-2,3-5,elementary,free,false,true,unknown,unknown,終日開放,なし,https://www.town.oyamazaki.kyoto.jp/,https://maps.app.goo.gl/oyamazakipark,,山の自然に囲まれた公園。芝生と遊具で子どもが元気に遊べる。,無料,遊具,自然,芝生,屋外,大山崎,https://iko-yo.net/
木津川市立恭仁大橋西公園,京都府,木津川市,京都府木津川市加茂町例幣,34.7580,135.8330,outdoor,0-2,3-5,elementary,free,false,true,unknown,unknown,終日開放,なし,https://www.city.kizugawa.kyoto.jp/,https://maps.app.goo.gl/izukawanishi,,川沿いの公園。大型複合遊具があり地元の子育て世帯に人気。,無料,大型遊具,川,屋外,木津川,https://iko-yo.net/
城陽市立総合運動公園,京都府,城陽市,京都府城陽市寺田大川原,34.8440,135.7800,outdoor,3-5,elementary,free,false,true,unknown,unknown,終日開放,なし,https://www.city.joyo.kyoto.jp/,https://maps.app.goo.gl/joyosports,,広大な運動公園。アスレチックと大型遊具が充実したファミリー向け公園。,無料,大型遊具,アスレチック,スポーツ,屋外,城陽,https://iko-yo.net/
長岡京市立西山公園,京都府,長岡京市,京都府長岡京市粟生西条1,34.9100,135.6680,outdoor,0-2,3-5,elementary,free,false,true,unknown,unknown,終日開放,なし,https://www.city.nagaokakyo.lg.jp/,https://maps.app.goo.gl/nishiyamakyo,,西山の自然に囲まれた市営公園。大型遊具と散策路がある。,無料,大型遊具,自然,屋外,長岡京,https://iko-yo.net/
海南市亀川公園,和歌山県,海南市,和歌山県海南市藤白1,34.1580,135.2120,outdoor,0-2,3-5,elementary,free,false,true,unknown,unknown,終日開放,なし,https://www.city.kainan.wakayama.jp/,https://maps.app.goo.gl/kamegawa,,大型遊具がある市営公園。地元の子育て世帯に人気のスポット。,無料,大型遊具,屋外,海南,https://iko-yo.net/
岩出市立岩出総合公園,和歌山県,岩出市,和歌山県岩出市金屋162,34.2500,135.3110,outdoor,0-2,3-5,elementary,free,false,true,unknown,unknown,終日開放,なし,https://www.city.iwade.lg.jp/,https://maps.app.goo.gl/iwadepark,,市内最大の総合公園。大型遊具・多目的広場・プールが揃う。,無料,大型遊具,プール,スポーツ,屋外,岩出,https://iko-yo.net/
御坊市立野口公園,和歌山県,御坊市,和歌山県御坊市湯川町財部,33.8900,135.1700,outdoor,0-2,3-5,elementary,free,false,true,unknown,unknown,終日開放,なし,https://www.city.gobo.wakayama.jp/,https://maps.app.goo.gl/noguchikoen,,大型複合遊具がある公園。広い芝生で子どもがのびのびと遊べる。,無料,大型遊具,芝生,屋外,御坊,https://iko-yo.net/
かつらぎ町大谷公園,和歌山県,伊都郡かつらぎ町,和歌山県伊都郡かつらぎ町大谷420,34.3020,135.5290,outdoor,0-2,3-5,elementary,free,false,true,unknown,unknown,終日開放,なし,https://www.town.katsuragi.wakayama.jp/,https://maps.app.goo.gl/otanipark,,山間の公園。大型遊具とアスレチックで子どもが思い切り遊べる。,無料,大型遊具,アスレチック,自然,屋外,かつらぎ,https://iko-yo.net/
茨木市総合運動公園,大阪府,茨木市,大阪府茨木市西河原3-11-2,34.8280,135.5560,outdoor,0-2,3-5,elementary,free,false,true,unknown,unknown,終日開放,月曜日,https://www.city.ibaraki.osaka.jp/,https://maps.app.goo.gl/ibarakisports,,大型複合遊具と広い芝生が人気の市営公園。隣接プールも夏に開放。,無料,大型遊具,芝生,屋外,茨木,https://iko-yo.net/
摂津市立安威川ダム記念公園（予定）,大阪府,摂津市,大阪府摂津市三島1,34.7720,135.5590,outdoor,0-2,3-5,elementary,free,false,true,unknown,unknown,終日開放,なし,https://www.city.settsu.osaka.jp/,https://maps.app.goo.gl/settsupark,,安威川沿いの公園。大型遊具と川の自然が楽しめる市民公園。,無料,大型遊具,川,屋外,摂津,https://iko-yo.net/
和泉市立黒鳥山公園,大阪府,和泉市,大阪府和泉市黒鳥町399,34.4750,135.4370,outdoor,3-5,elementary,free,false,true,unknown,unknown,終日開放,なし,https://www.city.izumi.osaka.jp/,https://maps.app.goo.gl/kurorimayama,,山の地形を活かしたアスレチック公園。ローラー滑り台と大型遊具がある。,無料,アスレチック,ローラー滑り台,屋外,和泉,https://iko-yo.net/
滋賀県立三上山公園（野洲市）,滋賀県,野洲市,滋賀県野洲市三上,35.0160,135.9870,outdoor,3-5,elementary,free,false,true,unknown,unknown,終日開放,なし,https://www.city.yasu.lg.jp/,https://maps.app.goo.gl/mikamipark,,近江富士として知られる三上山麓の公園。自然の中の遊び場。,無料,自然,遊具,登山,屋外,野洲,https://iko-yo.net/
東近江市五個荘公園,滋賀県,東近江市,滋賀県東近江市五個荘竜田町,35.1380,136.1870,outdoor,0-2,3-5,elementary,free,false,true,unknown,unknown,終日開放,なし,https://www.city.higashiomi.shiga.jp/,https://maps.app.goo.gl/gokashopark,,市内の大型公園。複合遊具と砂場があり幼児から楽しめる。,無料,大型遊具,砂場,屋外,東近江,https://iko-yo.net/
宇陀市立宇陀松山運動公園,奈良県,宇陀市,奈良県宇陀市大宇陀区迫間,34.5330,135.9130,outdoor,3-5,elementary,free,false,true,unknown,unknown,終日開放,なし,https://www.city.uda.nara.jp/,https://maps.app.goo.gl/udamatsuyama,,大型遊具とアスレチックがある市営の運動公園。山の自然も楽しめる。,無料,大型遊具,アスレチック,屋外,宇陀,https://iko-yo.net/
桜井市笠地区広域公園,奈良県,桜井市,奈良県桜井市笠,34.5120,135.8650,outdoor,0-2,3-5,elementary,free,false,true,unknown,unknown,終日開放,なし,https://www.city.sakurai.lg.jp/,https://maps.app.goo.gl/kasapark,,大型遊具と芝生広場がある公園。三輪山を望む景観が美しい。,無料,大型遊具,芝生,自然,屋外,桜井,https://iko-yo.net/
田辺市総合運動公園,和歌山県,田辺市,和歌山県田辺市新屋敷町1,33.7350,135.3790,outdoor,0-2,3-5,elementary,free,false,true,unknown,unknown,終日開放,なし,https://www.city.tanabe.lg.jp/,https://maps.app.goo.gl/tanabesports,,市内最大の運動公園。大型遊具・芝生・スポーツ施設が揃う。,無料,大型遊具,スポーツ,芝生,屋外,田辺,https://iko-yo.net/
新宮市立浮島の森公園（浮島公園）,和歌山県,新宮市,和歌山県新宮市千穂1-1,33.7280,135.9900,outdoor,0-2,3-5,elementary,free,false,true,unknown,unknown,終日開放,なし,https://www.city.shingu.lg.jp/,https://maps.app.goo.gl/ukishimapark,,那智・熊野に近い自然豊かな公園。遊具と水辺環境が楽しめる。,無料,遊具,自然,川,屋外,新宮,https://iko-yo.net/
西宮市立鳴尾浜臨海公園,兵庫県,西宮市,兵庫県西宮市鳴尾浜1-1,34.7120,135.3760,outdoor,0-2,3-5,elementary,free,false,true,unknown,unknown,終日開放,なし,https://www.city.nishinomiya.lg.jp/,https://maps.app.goo.gl/naruohama,,海沿いの大型公園。大型遊具と砂浜で家族連れに人気のスポット。,無料,大型遊具,海,砂浜,屋外,西宮,https://iko-yo.net/
明石市立明石公園,兵庫県,明石市,兵庫県明石市明石公園1-27,34.6490,134.9990,outdoor,0-2,3-5,elementary,free,false,true,unknown,unknown,終日開放,なし,https://www.akashipark.jp/,https://maps.app.goo.gl/akashipark,,明石城跡の広大な公園。子ども向け遊具と桜並木が美しい。,無料,大型遊具,桜,屋外,明石,https://www.akashipark.jp/
